{
    "Alpha": {
        "b": 0.30980392156862746,
        "g": 0.0,
        "r": 1.0
    },
    "Bravo": {
        "b": 0.7529411764705882,
        "g": 0.7529411764705882,
        "r": 0.7529411764705882
    },
    "Charlie": {
        "b": 0.0,
        "g": 0.0,
        "r": 0.0
    },
    "Override Game Calc": false
}