{
    "Alpha": {
        "b": 0.6,
        "g": 1.0,
        "r": 1.0
    },
    "Bravo": {
        "b": 0.8117647058823529,
        "g": 0.7764705882352941,
        "r": 0.6823529411764706
    },
    "Charlie": {
        "b": 0.0,
        "g": 0.0,
        "r": 0.0
    },
    "Override Game Calc": false
}
